Название товара,Цена,Ссылка на товар
Диван Льери Мини Velvet Light,"64 990руб.
92 990руб.
-30%",https://www.divan.ru/product/divan-leri-mini-velvet-light
Диван Нумо Velvet Yellow,"37 990руб.
54 990руб.
-30%",https://www.divan.ru/product/divan-numo-velvet-yellow
Диван Тут Рядом Дом Серо-графитовый,72 990руб.,https://www.divan.ru/product/divan-tut-ryadom-dom-sero-grafitovyj
Диван угловой Эби-1 Velvet Coral,"72 990руб.
104 990руб.
-30%",https://www.divan.ru/product/divan-uglovoj-ebi-1-velvet-coral
Диван Бонент Velvet Eclipse,"76 990руб.
118 990руб.
-35%",https://www.divan.ru/product/divan-bonent-velvet-eclipse
Диван Нумо Мини Textile Yellow,"24 990руб.
41 990руб.
-40%",https://www.divan.ru/product/divan-numo-mini-textile-yellow
Диван Тут Рядом Космос Светло-Бежевый,109 990руб.,https://www.divan.ru/product/divan-tut-ryadom-kosmos-svetlo-bejevyj
Диван Линс Velvet Navy Blue,"34 990руб.
49 990руб.
-30%",https://www.divan.ru/product/divan-lins-velvet-navy-blue
Кресло Тут Рядом Дом Сине-бежевый,50 990руб.,https://www.divan.ru/product/kreslo-tut-ryadom-dom-sine-bejevyj
Диван угловой Эдвин Velvet Smoke,"74 990руб.
99 990руб.
-25%",https://www.divan.ru/product/divan-uglovoj-edvin-velvet-smoke
Диван Бруквиль Velvet Blue,"49 990руб.
76 990руб.
-35%",https://www.divan.ru/product/divan-brukvil-velvet-blue
Диван Спейс Velvet Beige,"64 990руб.
86 990руб.
-25%",https://www.divan.ru/product/divan-spejs-velvet-beige
Диван угловой Беллер Textile Yellow,"39 990руб.
66 990руб.
-40%",https://www.divan.ru/product/divan-uglovoj-beller-textile-yellow
Кресло Бенел Cozy Ivory,"34 990руб.
36 990руб.
-5%",https://www.divan.ru/product/kreslo-benel-cozy-ivory
Диван Нумо Velvet Grafit,"37 990руб.
54 990руб.
-30%",https://www.divan.ru/product/divan-numo-velvet-grafit
Кресло-кровать Маре Мини Velvet Grafit,"21 990руб.
34 990руб.
-37%",https://www.divan.ru/product/kreslo-krovat-mare-mini-velvet-grafit
Диван Клаймар Velvet Beige,"56 990руб.
75 990руб.
-25%",https://www.divan.ru/product/divan-klajmar-velvet-beige
Пуф Тут Рядом Дом Серо-графитовый,15 990руб.,https://www.divan.ru/product/puf-tut-ryadom-dom-sero-grafitovyj
Диван Марей Soft Grey,"89 990руб.
112 990руб.
-20%",https://www.divan.ru/product/divan-marej-soft-grey
Диван Сваут Velvet Grey,"64 990руб.
81 990руб.
-20%",https://www.divan.ru/product/divan-svaut-velvet-grey
Диван Линс Velvet Grafit,"34 990руб.
49 990руб.
-30%",https://www.divan.ru/product/divan-lins-velvet-grafit
Диван угловой Аронт Мини Velvet Pink,"58 990руб.
73 990руб.
-20%",https://www.divan.ru/product/divan-uglovoj-aront-mini-velvet-pink
Диван Рейли Velvet Coral,"36 990руб.
43 990руб.
-15%",https://www.divan.ru/product/divan-rejli-velvet-coral
Диван угловой Вайвел Barhat Forest,"89 990руб.
105 990руб.
-15%",https://www.divan.ru/product/divan-uglovoj-vajvel-barhat-forest
Диван Бруквиль Velvet Smoke,"49 990руб.
76 990руб.
-35%",https://www.divan.ru/product/divan-brukvil-velvet-smoke
Диван Коренс Happy Grey,"30 990руб.
32 990руб.
-6%",https://www.divan.ru/product/divan-korens-happy-grey
Диван угловой Шера Velvet Light,"102 990руб.
121 990руб.
-15%",https://www.divan.ru/product/divan-uglovoj-shera-velve-light
Диван Види Textile Ocean,"25 990руб.
43 990руб.
-40%",https://www.divan.ru/product/divan-vidi-textile-ocean
Пуф Тут Рядом Дом Зеленый,15 990руб.,https://www.divan.ru/product/puf-tut-ryadom-dom-zelenyj
Кресло Пайл Barhat Beige,"23 990руб.
25 990руб.
-7%",https://www.divan.ru/product/kreslo-pajl-barhat-beige
Модульный диван Brera-2 Velour Mix,105 980руб.,https://www.divan.ru/product/modulnyj-divan-brera-2-velour-mix
Кресло Гета Soft Silver,"34 990руб.
36 990руб.
-5%",https://www.divan.ru/product/kreslo-geta-soft-silver
Диван угловой Нумо Velvet Yellow,"47 990руб.
68 990руб.
-30%",https://www.divan.ru/product/divan-uglovoj-numo-velvet-yellow
Модульный диван Нолан-B 3 Soft Jungle,"114 970руб.
153 970руб.
-25%",https://www.divan.ru/product/modulnyj-divan-nolan-b-3-soft-jungle
Диван Тут Рядом Дом Сине-бежевый,72 990руб.,https://www.divan.ru/product/divan-tut-ryadom-dom-sine-bejevyj
Кресло Элвит Cozy Ivory,"29 990руб.
32 990руб.
-9%",https://www.divan.ru/product/kreslo-elvit-cozy-ivory
Диван Сваут Velvet Mustard,"64 990руб.
81 990руб.
-20%",https://www.divan.ru/product/divan-svaut-velvet-mustard
Кресло Рибс Velvet Beige,"29 990руб.
34 990руб.
-14%",https://www.divan.ru/product/kreslo-ribs-velvet-beige
Пуф Кропс Bucle Smoky,"8990руб.
9990руб.
-10%",https://www.divan.ru/product/puf-krops-bucle-smoky
Пуф Лонди Cozy Beige,"11 990руб.
12 990руб.
-7%",https://www.divan.ru/product/puf-londi-cozy-beige
Диван Мисл Barhat Mint,"74 990руб.
93 990руб.
-20%",https://www.divan.ru/product/divan-misl-barhat-mint
Диван угловой Мейлон Velvet Eclipse,"49 990руб.
66 990руб.
-25%",https://www.divan.ru/product/divan-uglovoj-mejlon-velvet-eclipse
Кресло Тут Рядом Дом Розовый,50 990руб.,https://www.divan.ru/product/kreslo-tut-ryadom-dom-rozovyj
Диван Нумо Мини Textile Light,"24 990руб.
41 990руб.
-40%",https://www.divan.ru/product/divan-numo-mini-textile-light
Диван угловой Бонент Velvet Grey,"89 990руб.
105 990руб.
-15%",https://www.divan.ru/product/divan-uglovoj-bonent-velvet-grey
Диван Рейли Velvet Mint,"36 990руб.
43 990руб.
-15%",https://www.divan.ru/product/divan-rejli-velvet-mint
Диван Риббл-2 Bucle Lilac,68 990руб.,https://www.divan.ru/product/divan-ribbl-2-bucle-lilac
Диван угловой Маркфул Velvet Ocean,"79 990руб.
123 990руб.
-35%",https://www.divan.ru/product/divan-uglovoj-markful-velvet-ocean
